HourUTC,PriceArea,product,amount,PriceDKK,PriceEUR
2019-05-09T21:00:00+00:00,SYSTEM,Elspot,1,318.99,42.73
2019-05-09T21:00:00+00:00,SE4,Elspot,1,257.55,34.5
2019-05-09T21:00:00+00:00,SE3,Elspot,1,257.55,34.5
2019-05-09T21:00:00+00:00,NO2,Elspot,1,326.83,43.78
2019-05-09T21:00:00+00:00,DK2,Elspot,1,328.47,44
2019-05-09T21:00:00+00:00,DK1,Elspot,1,328.47,44
2019-05-09T20:00:00+00:00,SYSTEM,Elspot,1,324.44,43.46
2019-05-09T20:00:00+00:00,SE4,Elspot,1,308.62,41.34
2019-05-09T20:00:00+00:00,SE3,Elspot,1,308.62,41.34
2019-05-09T20:00:00+00:00,NO2,Elspot,1,329.74,44.17
2019-05-09T20:00:00+00:00,DK2,Elspot,1,366.32,49.07
2019-05-09T20:00:00+00:00,DK1,Elspot,1,366.32,49.07
2019-05-09T19:00:00+00:00,SYSTEM,Elspot,1,326.38,43.72
2019-05-09T19:00:00+00:00,SE4,Elspot,1,316.53,42.4
2019-05-09T19:00:00+00:00,SE3,Elspot,1,316.53,42.4
2019-05-09T19:00:00+00:00,NO2,Elspot,1,330.56,44.28
2019-05-09T19:00:00+00:00,DK2,Elspot,1,372.52,49.9
2019-05-09T19:00:00+00:00,DK1,Elspot,1,372.52,49.9
2019-05-09T18:00:00+00:00,SYSTEM,Elspot,1,326.08,43.68
2019-05-09T18:00:00+00:00,SE4,Elspot,1,311.08,41.67
2019-05-09T18:00:00+00:00,SE3,Elspot,1,311.08,41.67
2019-05-09T18:00:00+00:00,NO2,Elspot,1,330.94,44.33
2019-05-09T18:00:00+00:00,DK2,Elspot,1,412.38,55.24
2019-05-09T18:00:00+00:00,DK1,Elspot,1,412.38,55.24
2019-05-09T17:00:00+00:00,SYSTEM,Elspot,1,325.49,43.6
2019-05-09T17:00:00+00:00,SE4,Elspot,1,305.85,40.97
2019-05-09T17:00:00+00:00,SE3,Elspot,1,305.85,40.97
2019-05-09T17:00:00+00:00,NO2,Elspot,1,330.49,44.27
2019-05-09T17:00:00+00:00,DK2,Elspot,1,410.96,55.05
2019-05-09T17:00:00+00:00,DK1,Elspot,1,410.96,55.05
2019-05-09T16:00:00+00:00,SYSTEM,Elspot,1,324.52,43.47
2019-05-09T16:00:00+00:00,SE4,Elspot,1,306.45,41.05
2019-05-09T16:00:00+00:00,SE3,Elspot,1,306.45,41.05
2019-05-09T16:00:00+00:00,NO2,Elspot,1,331.31,44.38
2019-05-09T16:00:00+00:00,DK2,Elspot,1,373.12,49.98
2019-05-09T16:00:00+00:00,DK1,Elspot,1,373.12,49.98
2019-05-09T15:00:00+00:00,SYSTEM,Elspot,1,325.71,43.63
2019-05-09T15:00:00+00:00,SE4,Elspot,1,312.35,41.84
2019-05-09T15:00:00+00:00,SE3,Elspot,1,312.35,41.84
2019-05-09T15:00:00+00:00,NO2,Elspot,1,331.38,44.39
2019-05-09T15:00:00+00:00,DK2,Elspot,1,371.1,49.71
2019-05-09T15:00:00+00:00,DK1,Elspot,1,371.1,49.71
2019-05-09T14:00:00+00:00,SYSTEM,Elspot,1,325.64,43.62
2019-05-09T14:00:00+00:00,SE4,Elspot,1,315.56,42.27
2019-05-09T14:00:00+00:00,SE3,Elspot,1,315.56,42.27
2019-05-09T14:00:00+00:00,NO2,Elspot,1,329.07,44.08
2019-05-09T14:00:00+00:00,DK2,Elspot,1,339.97,45.54
2019-05-09T14:00:00+00:00,DK1,Elspot,1,339.97,45.54
2019-05-09T13:00:00+00:00,SYSTEM,Elspot,1,326.08,43.68
2019-05-09T13:00:00+00:00,SE4,Elspot,1,318.32,42.64
2019-05-09T13:00:00+00:00,SE3,Elspot,1,318.32,42.64
2019-05-09T13:00:00+00:00,NO2,Elspot,1,329.29,44.11
2019-05-09T13:00:00+00:00,DK2,Elspot,1,338.4,45.33
2019-05-09T13:00:00+00:00,DK1,Elspot,1,338.4,45.33
2019-05-09T12:00:00+00:00,SYSTEM,Elspot,1,327.28,43.84
2019-05-09T12:00:00+00:00,SE4,Elspot,1,321.83,43.11
2019-05-09T12:00:00+00:00,SE3,Elspot,1,321.83,43.11
2019-05-09T12:00:00+00:00,NO2,Elspot,1,330.64,44.29
2019-05-09T12:00:00+00:00,DK2,Elspot,1,341.61,45.76
2019-05-09T12:00:00+00:00,DK1,Elspot,1,341.61,45.76
2019-05-09T11:00:00+00:00,SYSTEM,Elspot,1,327.73,43.9
2019-05-09T11:00:00+00:00,SE4,Elspot,1,322.58,43.21
2019-05-09T11:00:00+00:00,SE3,Elspot,1,322.58,43.21
2019-05-09T11:00:00+00:00,NO2,Elspot,1,331.53,44.41
2019-05-09T11:00:00+00:00,DK2,Elspot,1,356.54,47.76
2019-05-09T11:00:00+00:00,DK1,Elspot,1,356.54,47.76
2019-05-09T10:00:00+00:00,SYSTEM,Elspot,1,328.1,43.95
2019-05-09T10:00:00+00:00,SE4,Elspot,1,324.96,43.53
2019-05-09T10:00:00+00:00,SE3,Elspot,1,324.96,43.53
2019-05-09T10:00:00+00:00,NO2,Elspot,1,330.56,44.28
2019-05-09T10:00:00+00:00,DK2,Elspot,1,366.17,49.05
2019-05-09T10:00:00+00:00,DK1,Elspot,1,366.17,49.05
2019-05-09T09:00:00+00:00,SYSTEM,Elspot,1,327.95,43.93
2019-05-09T09:00:00+00:00,SE4,Elspot,1,325.19,43.56
2019-05-09T09:00:00+00:00,SE3,Elspot,1,325.19,43.56
2019-05-09T09:00:00+00:00,NO2,Elspot,1,329.97,44.2
2019-05-09T09:00:00+00:00,DK2,Elspot,1,372.74,49.93
2019-05-09T09:00:00+00:00,DK1,Elspot,1,372.74,49.93
2019-05-09T08:00:00+00:00,SYSTEM,Elspot,1,330.64,44.29
2019-05-09T08:00:00+00:00,SE4,Elspot,1,328.7,44.03
2019-05-09T08:00:00+00:00,SE3,Elspot,1,328.7,44.03
2019-05-09T08:00:00+00:00,NO2,Elspot,1,331.24,44.37
2019-05-09T08:00:00+00:00,DK2,Elspot,1,372.89,49.95
2019-05-09T08:00:00+00:00,DK1,Elspot,1,372.89,49.95
2019-05-09T07:00:00+00:00,SYSTEM,Elspot,1,334.22,44.77
2019-05-09T07:00:00+00:00,SE4,Elspot,1,334.07,44.75
2019-05-09T07:00:00+00:00,SE3,Elspot,1,334.07,44.75
2019-05-09T07:00:00+00:00,NO2,Elspot,1,334.07,44.75
2019-05-09T07:00:00+00:00,DK2,Elspot,1,389.61,52.19
2019-05-09T07:00:00+00:00,DK1,Elspot,1,389.61,52.19
2019-05-09T06:00:00+00:00,SYSTEM,Elspot,1,342.06,45.82
2019-05-09T06:00:00+00:00,SE4,Elspot,1,340.94,45.67
2019-05-09T06:00:00+00:00,SE3,Elspot,1,340.94,45.67
2019-05-09T06:00:00+00:00,NO2,Elspot,1,340.94,45.67
2019-05-09T06:00:00+00:00,DK2,Elspot,1,408.05,54.66
2019-05-09T06:00:00+00:00,DK1,Elspot,1,408.05,54.66
2019-05-09T05:00:00+00:00,SYSTEM,Elspot,1,335.94,45
2019-05-09T05:00:00+00:00,SE4,Elspot,1,335.79,44.98
2019-05-09T05:00:00+00:00,SE3,Elspot,1,335.79,44.98
2019-05-09T05:00:00+00:00,NO2,Elspot,1,335.79,44.98
2019-05-09T05:00:00+00:00,DK2,Elspot,1,372.67,49.92
2019-05-09T05:00:00+00:00,DK1,Elspot,1,372.67,49.92
2019-05-09T04:00:00+00:00,SYSTEM,Elspot,1,324.37,43.45
2019-05-09T04:00:00+00:00,SE4,Elspot,1,323.1,43.28
2019-05-09T04:00:00+00:00,SE3,Elspot,1,323.1,43.28
2019-05-09T04:00:00+00:00,NO2,Elspot,1,324.67,43.49
2019-05-09T04:00:00+00:00,DK2,Elspot,1,343.33,45.99
2019-05-09T04:00:00+00:00,DK1,Elspot,1,343.33,45.99
2019-05-09T03:00:00+00:00,SYSTEM,Elspot,1,308.76,41.36
2019-05-09T03:00:00+00:00,SE4,Elspot,1,276.74,37.07
2019-05-09T03:00:00+00:00,SE3,Elspot,1,276.74,37.07
2019-05-09T03:00:00+00:00,NO2,Elspot,1,317.42,42.52
2019-05-09T03:00:00+00:00,DK2,Elspot,1,276.74,37.07
2019-05-09T03:00:00+00:00,DK1,Elspot,1,276.74,37.07
2019-05-09T02:00:00+00:00,SYSTEM,Elspot,1,299.28,40.09
2019-05-09T02:00:00+00:00,SE4,Elspot,1,241.2,32.31
2019-05-09T02:00:00+00:00,SE3,Elspot,1,241.2,32.31
2019-05-09T02:00:00+00:00,NO2,Elspot,1,310.48,41.59
2019-05-09T02:00:00+00:00,DK2,Elspot,1,247.1,33.1
2019-05-09T02:00:00+00:00,DK1,Elspot,1,247.1,33.1
2019-05-09T01:00:00+00:00,SYSTEM,Elspot,1,298.46,39.98
2019-05-09T01:00:00+00:00,SE4,Elspot,1,229.11,30.69
2019-05-09T01:00:00+00:00,SE3,Elspot,1,229.11,30.69
2019-05-09T01:00:00+00:00,NO2,Elspot,1,310.33,41.57
2019-05-09T01:00:00+00:00,DK2,Elspot,1,229.11,30.69
2019-05-09T01:00:00+00:00,DK1,Elspot,1,229.11,30.69
2019-05-09T00:00:00+00:00,SYSTEM,Elspot,1,298.31,39.96
2019-05-09T00:00:00+00:00,SE4,Elspot,1,225.9,30.26
2019-05-09T00:00:00+00:00,SE3,Elspot,1,225.9,30.26
2019-05-09T00:00:00+00:00,NO2,Elspot,1,310.33,41.57
2019-05-09T00:00:00+00:00,DK2,Elspot,1,225.9,30.26
2019-05-09T00:00:00+00:00,DK1,Elspot,1,225.9,30.26
2019-05-08T23:00:00+00:00,SYSTEM,Elspot,1,300.55,40.26
2019-05-08T23:00:00+00:00,SE4,Elspot,1,238.96,32.01
2019-05-08T23:00:00+00:00,SE3,Elspot,1,238.96,32.01
2019-05-08T23:00:00+00:00,NO2,Elspot,1,311.83,41.77
2019-05-08T23:00:00+00:00,DK2,Elspot,1,238.96,32.01
2019-05-08T23:00:00+00:00,DK1,Elspot,1,238.96,32.01
2019-05-08T22:00:00+00:00,SYSTEM,Elspot,1,304.51,40.79
2019-05-08T22:00:00+00:00,SE4,Elspot,1,246.65,33.04
2019-05-08T22:00:00+00:00,SE3,Elspot,1,246.65,33.04
2019-05-08T22:00:00+00:00,NO2,Elspot,1,313.24,41.96
2019-05-08T22:00:00+00:00,DK2,Elspot,1,253.22,33.92
2019-05-08T22:00:00+00:00,DK1,Elspot,1,253.22,33.92
2019-05-08T21:00:00+00:00,SYSTEM,Elspot,1,298.69,40.01
2019-05-08T21:00:00+00:00,SE4,Elspot,1,126.61,16.96
2019-05-08T21:00:00+00:00,SE3,Elspot,1,126.61,16.96
2019-05-08T21:00:00+00:00,NO2,Elspot,1,309.96,41.52
2019-05-08T21:00:00+00:00,DK2,Elspot,1,243.22,32.58
2019-05-08T21:00:00+00:00,DK1,Elspot,1,243.22,32.58
2019-05-08T20:00:00+00:00,SYSTEM,Elspot,1,306.9,41.11
2019-05-08T20:00:00+00:00,SE4,Elspot,1,200.22,26.82
2019-05-08T20:00:00+00:00,SE3,Elspot,1,200.22,26.82
2019-05-08T20:00:00+00:00,NO2,Elspot,1,314.89,42.18
2019-05-08T20:00:00+00:00,DK2,Elspot,1,263.08,35.24
2019-05-08T20:00:00+00:00,DK1,Elspot,1,263.08,35.24
2019-05-08T19:00:00+00:00,SYSTEM,Elspot,1,307.94,41.25
2019-05-08T19:00:00+00:00,SE4,Elspot,1,303.69,40.68
2019-05-08T19:00:00+00:00,SE3,Elspot,1,303.69,40.68
2019-05-08T19:00:00+00:00,NO2,Elspot,1,309.51,41.46
2019-05-08T19:00:00+00:00,DK2,Elspot,1,283.76,38.01
2019-05-08T19:00:00+00:00,DK1,Elspot,1,283.76,38.01
2019-05-08T18:00:00+00:00,SYSTEM,Elspot,1,310.56,41.6
2019-05-08T18:00:00+00:00,SE4,Elspot,1,311.6,41.74
2019-05-08T18:00:00+00:00,SE3,Elspot,1,311.6,41.74
2019-05-08T18:00:00+00:00,NO2,Elspot,1,311.6,41.74
2019-05-08T18:00:00+00:00,DK2,Elspot,1,295.7,39.61
2019-05-08T18:00:00+00:00,DK1,Elspot,1,295.7,39.61
2019-05-08T17:00:00+00:00,SYSTEM,Elspot,1,314.07,42.07
2019-05-08T17:00:00+00:00,SE4,Elspot,1,314.89,42.18
2019-05-08T17:00:00+00:00,SE3,Elspot,1,314.89,42.18
2019-05-08T17:00:00+00:00,NO2,Elspot,1,314.89,42.18
2019-05-08T17:00:00+00:00,DK2,Elspot,1,292.57,39.19
2019-05-08T17:00:00+00:00,DK1,Elspot,1,292.57,39.19
2019-05-08T16:00:00+00:00,SYSTEM,Elspot,1,312.42,41.85
2019-05-08T16:00:00+00:00,SE4,Elspot,1,313.32,41.97
2019-05-08T16:00:00+00:00,SE3,Elspot,1,313.32,41.97
2019-05-08T16:00:00+00:00,NO2,Elspot,1,313.32,41.97
2019-05-08T16:00:00+00:00,DK2,Elspot,1,278.83,37.35
2019-05-08T16:00:00+00:00,DK1,Elspot,1,278.83,37.35
2019-05-08T15:00:00+00:00,SYSTEM,Elspot,1,310.41,41.58
2019-05-08T15:00:00+00:00,SE4,Elspot,1,311.08,41.67
2019-05-08T15:00:00+00:00,SE3,Elspot,1,311.08,41.67
2019-05-08T15:00:00+00:00,NO2,Elspot,1,311.08,41.67
2019-05-08T15:00:00+00:00,DK2,Elspot,1,306.82,41.1
2019-05-08T15:00:00+00:00,DK1,Elspot,1,306.82,41.1
2019-05-08T14:00:00+00:00,SYSTEM,Elspot,1,307.27,41.16
2019-05-08T14:00:00+00:00,SE4,Elspot,1,303.54,40.66
2019-05-08T14:00:00+00:00,SE3,Elspot,1,303.54,40.66
2019-05-08T14:00:00+00:00,NO2,Elspot,1,311.38,41.71
2019-05-08T14:00:00+00:00,DK2,Elspot,1,303.54,40.66
2019-05-08T14:00:00+00:00,DK1,Elspot,1,303.54,40.66
2019-05-08T13:00:00+00:00,SYSTEM,Elspot,1,308.99,41.39
2019-05-08T13:00:00+00:00,SE4,Elspot,1,308.91,41.38
2019-05-08T13:00:00+00:00,SE3,Elspot,1,308.91,41.38
2019-05-08T13:00:00+00:00,NO2,Elspot,1,309.96,41.52
2019-05-08T13:00:00+00:00,DK2,Elspot,1,308.91,41.38
2019-05-08T13:00:00+00:00,DK1,Elspot,1,308.91,41.38
2019-05-08T12:00:00+00:00,SYSTEM,Elspot,1,313.84,42.04
2019-05-08T12:00:00+00:00,SE4,Elspot,1,314.07,42.07
2019-05-08T12:00:00+00:00,SE3,Elspot,1,314.07,42.07
2019-05-08T12:00:00+00:00,NO2,Elspot,1,314.07,42.07
2019-05-08T12:00:00+00:00,DK2,Elspot,1,314.07,42.07
2019-05-08T12:00:00+00:00,DK1,Elspot,1,314.07,42.07
2019-05-08T11:00:00+00:00,SYSTEM,Elspot,1,317.8,42.57
2019-05-08T11:00:00+00:00,SE4,Elspot,1,318.17,42.62
2019-05-08T11:00:00+00:00,SE3,Elspot,1,318.17,42.62
2019-05-08T11:00:00+00:00,NO2,Elspot,1,318.17,42.62
2019-05-08T11:00:00+00:00,DK2,Elspot,1,318.17,42.62
2019-05-08T11:00:00+00:00,DK1,Elspot,1,318.17,42.62
2019-05-08T10:00:00+00:00,SYSTEM,Elspot,1,320.86,42.98
2019-05-08T10:00:00+00:00,SE4,Elspot,1,321.23,43.03
2019-05-08T10:00:00+00:00,SE3,Elspot,1,321.23,43.03
2019-05-08T10:00:00+00:00,NO2,Elspot,1,321.23,43.03
2019-05-08T10:00:00+00:00,DK2,Elspot,1,320.78,42.97
2019-05-08T10:00:00+00:00,DK1,Elspot,1,320.78,42.97
2019-05-08T09:00:00+00:00,SYSTEM,Elspot,1,325.49,43.6
2019-05-08T09:00:00+00:00,SE4,Elspot,1,325.49,43.6
2019-05-08T09:00:00+00:00,SE3,Elspot,1,325.49,43.6
2019-05-08T09:00:00+00:00,NO2,Elspot,1,325.49,43.6
2019-05-08T09:00:00+00:00,DK2,Elspot,1,324.74,43.5
2019-05-08T09:00:00+00:00,DK1,Elspot,1,324.74,43.5
2019-05-08T08:00:00+00:00,SYSTEM,Elspot,1,333.4,44.66
2019-05-08T08:00:00+00:00,SE4,Elspot,1,333.4,44.66
2019-05-08T08:00:00+00:00,SE3,Elspot,1,333.4,44.66
2019-05-08T08:00:00+00:00,NO2,Elspot,1,333.4,44.66
2019-05-08T08:00:00+00:00,DK2,Elspot,1,333.4,44.66
2019-05-08T08:00:00+00:00,DK1,Elspot,1,333.4,44.66
2019-05-08T07:00:00+00:00,SYSTEM,Elspot,1,343.7,46.04
2019-05-08T07:00:00+00:00,SE4,Elspot,1,343.7,46.04
2019-05-08T07:00:00+00:00,SE3,Elspot,1,343.7,46.04
2019-05-08T07:00:00+00:00,NO2,Elspot,1,343.7,46.04
2019-05-08T07:00:00+00:00,DK2,Elspot,1,344.9,46.2
2019-05-08T07:00:00+00:00,DK1,Elspot,1,344.9,46.2
2019-05-08T06:00:00+00:00,SYSTEM,Elspot,1,358.11,47.97
2019-05-08T06:00:00+00:00,SE4,Elspot,1,358.04,47.96
2019-05-08T06:00:00+00:00,SE3,Elspot,1,358.04,47.96
2019-05-08T06:00:00+00:00,NO2,Elspot,1,358.04,47.96
2019-05-08T06:00:00+00:00,DK2,Elspot,1,365.95,49.02
2019-05-08T06:00:00+00:00,DK1,Elspot,1,365.95,49.02
2019-05-08T05:00:00+00:00,SYSTEM,Elspot,1,357.66,47.91
2019-05-08T05:00:00+00:00,SE4,Elspot,1,357.74,47.92
2019-05-08T05:00:00+00:00,SE3,Elspot,1,357.74,47.92
2019-05-08T05:00:00+00:00,NO2,Elspot,1,354.75,47.52
2019-05-08T05:00:00+00:00,DK2,Elspot,1,369.08,49.44
2019-05-08T05:00:00+00:00,DK1,Elspot,1,369.08,49.44
2019-05-08T04:00:00+00:00,SYSTEM,Elspot,1,329.07,44.08
2019-05-08T04:00:00+00:00,SE4,Elspot,1,328.7,44.03
2019-05-08T04:00:00+00:00,SE3,Elspot,1,328.7,44.03
2019-05-08T04:00:00+00:00,NO2,Elspot,1,328.7,44.03
2019-05-08T04:00:00+00:00,DK2,Elspot,1,330.94,44.33
2019-05-08T04:00:00+00:00,DK1,Elspot,1,330.94,44.33
2019-05-08T03:00:00+00:00,SYSTEM,Elspot,1,313.62,42.01
2019-05-08T03:00:00+00:00,SE4,Elspot,1,312.12,41.81
2019-05-08T03:00:00+00:00,SE3,Elspot,1,312.12,41.81
2019-05-08T03:00:00+00:00,NO2,Elspot,1,314.66,42.15
2019-05-08T03:00:00+00:00,DK2,Elspot,1,309.14,41.41
2019-05-08T03:00:00+00:00,DK1,Elspot,1,309.14,41.41
2019-05-08T02:00:00+00:00,SYSTEM,Elspot,1,305.78,40.96
2019-05-08T02:00:00+00:00,SE4,Elspot,1,299.96,40.18
2019-05-08T02:00:00+00:00,SE3,Elspot,1,299.96,40.18
2019-05-08T02:00:00+00:00,NO2,Elspot,1,310.93,41.65
2019-05-08T02:00:00+00:00,DK2,Elspot,1,299.96,40.18
2019-05-08T02:00:00+00:00,DK1,Elspot,1,299.96,40.18
2019-05-08T01:00:00+00:00,SYSTEM,Elspot,1,306.6,41.07
2019-05-08T01:00:00+00:00,SE4,Elspot,1,302.2,40.48
2019-05-08T01:00:00+00:00,SE3,Elspot,1,302.2,40.48
2019-05-08T01:00:00+00:00,NO2,Elspot,1,313.17,41.95
2019-05-08T01:00:00+00:00,DK2,Elspot,1,303.84,40.7
2019-05-08T01:00:00+00:00,DK1,Elspot,1,303.84,40.7
2019-05-08T00:00:00+00:00,SYSTEM,Elspot,1,308.62,41.34
2019-05-08T00:00:00+00:00,SE4,Elspot,1,275.02,36.84
2019-05-08T00:00:00+00:00,SE3,Elspot,1,275.02,36.84
2019-05-08T00:00:00+00:00,NO2,Elspot,1,315.56,42.27
2019-05-08T00:00:00+00:00,DK2,Elspot,1,268.45,35.96
2019-05-08T00:00:00+00:00,DK1,Elspot,1,268.45,35.96
2019-05-07T23:00:00+00:00,SYSTEM,Elspot,1,313.32,41.97
2019-05-07T23:00:00+00:00,SE4,Elspot,1,291.37,39.03
2019-05-07T23:00:00+00:00,SE3,Elspot,1,291.37,39.03
2019-05-07T23:00:00+00:00,NO2,Elspot,1,318.32,42.64
2019-05-07T23:00:00+00:00,DK2,Elspot,1,291.37,39.03
2019-05-07T23:00:00+00:00,DK1,Elspot,1,291.37,39.03
2019-05-07T22:00:00+00:00,SYSTEM,Elspot,1,319.66,42.82
2019-05-07T22:00:00+00:00,SE4,Elspot,1,307.05,41.13
2019-05-07T22:00:00+00:00,SE3,Elspot,1,307.05,41.13
2019-05-07T22:00:00+00:00,NO2,Elspot,1,325.86,43.65
2019-05-07T22:00:00+00:00,DK2,Elspot,1,329.82,44.18
2019-05-07T22:00:00+00:00,DK1,Elspot,1,329.82,44.18
2019-05-07T21:00:00+00:00,SYSTEM,Elspot,1,323.14,43.28
2019-05-07T21:00:00+00:00,SE4,Elspot,1,319.63,42.81
2019-05-07T21:00:00+00:00,SE3,Elspot,1,319.63,42.81
2019-05-07T21:00:00+00:00,NO2,Elspot,1,325.23,43.56
2019-05-07T21:00:00+00:00,DK2,Elspot,1,335.98,45
2019-05-07T21:00:00+00:00,DK1,Elspot,1,335.98,45
2019-05-07T21:00:00+00:00,DE,Elspot,1,335.98,45
2019-05-07T20:00:00+00:00,SYSTEM,Elspot,1,333.96,44.73
2019-05-07T20:00:00+00:00,SE4,Elspot,1,328.51,44
2019-05-07T20:00:00+00:00,SE3,Elspot,1,328.51,44
2019-05-07T20:00:00+00:00,NO2,Elspot,1,328.51,44
2019-05-07T20:00:00+00:00,DK2,Elspot,1,380.63,50.98
2019-05-07T20:00:00+00:00,DK1,Elspot,1,380.63,50.98
2019-05-07T20:00:00+00:00,DE,Elspot,1,380.63,50.98
2019-05-07T19:00:00+00:00,SYSTEM,Elspot,1,341.95,45.8
2019-05-07T19:00:00+00:00,SE4,Elspot,1,336.43,45.06
2019-05-07T19:00:00+00:00,SE3,Elspot,1,336.43,45.06
2019-05-07T19:00:00+00:00,NO2,Elspot,1,336.43,45.06
2019-05-07T19:00:00+00:00,DK2,Elspot,1,410.64,55
2019-05-07T19:00:00+00:00,DK1,Elspot,1,410.64,55
2019-05-07T19:00:00+00:00,DE,Elspot,1,410.64,55
2019-05-07T18:00:00+00:00,SYSTEM,Elspot,1,342.25,45.84
2019-05-07T18:00:00+00:00,SE4,Elspot,1,336.35,45.05
2019-05-07T18:00:00+00:00,SE3,Elspot,1,336.35,45.05
2019-05-07T18:00:00+00:00,NO2,Elspot,1,336.35,45.05
2019-05-07T18:00:00+00:00,DK2,Elspot,1,512.26,68.61
2019-05-07T18:00:00+00:00,DK1,Elspot,1,454.32,60.85
2019-05-07T18:00:00+00:00,DE,Elspot,1,512.26,68.61
2019-05-07T17:00:00+00:00,SYSTEM,Elspot,1,339.86,45.52
2019-05-07T17:00:00+00:00,SE4,Elspot,1,336.5,45.07
2019-05-07T17:00:00+00:00,SE3,Elspot,1,336.5,45.07
2019-05-07T17:00:00+00:00,NO2,Elspot,1,336.5,45.07
2019-05-07T17:00:00+00:00,DK2,Elspot,1,485.23,64.99
2019-05-07T17:00:00+00:00,DK1,Elspot,1,365.4,48.94
2019-05-07T17:00:00+00:00,DE,Elspot,1,485.23,64.99
2019-05-07T16:00:00+00:00,SYSTEM,Elspot,1,335.83,44.98
2019-05-07T16:00:00+00:00,SE4,Elspot,1,333.52,44.67
2019-05-07T16:00:00+00:00,SE3,Elspot,1,333.52,44.67
2019-05-07T16:00:00+00:00,NO2,Elspot,1,333.52,44.67
2019-05-07T16:00:00+00:00,DK2,Elspot,1,428.93,57.45
2019-05-07T16:00:00+00:00,DK1,Elspot,1,333.52,44.67
2019-05-07T16:00:00+00:00,DE,Elspot,1,428.93,57.45
2019-05-07T15:00:00+00:00,SYSTEM,Elspot,1,328.14,43.95
2019-05-07T15:00:00+00:00,SE4,Elspot,1,328.06,43.94
2019-05-07T15:00:00+00:00,SE3,Elspot,1,328.06,43.94
2019-05-07T15:00:00+00:00,NO2,Elspot,1,328.06,43.94
2019-05-07T15:00:00+00:00,DK2,Elspot,1,365.4,48.94
2019-05-07T15:00:00+00:00,DK1,Elspot,1,328.06,43.94
2019-05-07T15:00:00+00:00,DE,Elspot,1,365.4,48.94
2019-05-07T14:00:00+00:00,SYSTEM,Elspot,1,323.14,43.28
2019-05-07T14:00:00+00:00,SE4,Elspot,1,323.14,43.28
2019-05-07T14:00:00+00:00,SE3,Elspot,1,323.14,43.28
2019-05-07T14:00:00+00:00,NO2,Elspot,1,323.14,43.28
2019-05-07T14:00:00+00:00,DK2,Elspot,1,351.66,47.1
2019-05-07T14:00:00+00:00,DK1,Elspot,1,323.14,43.28
2019-05-07T14:00:00+00:00,DE,Elspot,1,351.66,47.1
2019-05-07T13:00:00+00:00,SYSTEM,Elspot,1,323.36,43.31
2019-05-07T13:00:00+00:00,SE4,Elspot,1,323.36,43.31
2019-05-07T13:00:00+00:00,SE3,Elspot,1,323.36,43.31
2019-05-07T13:00:00+00:00,NO2,Elspot,1,323.36,43.31
2019-05-07T13:00:00+00:00,DK2,Elspot,1,349.19,46.77
2019-05-07T13:00:00+00:00,DK1,Elspot,1,323.36,43.31
2019-05-07T13:00:00+00:00,DE,Elspot,1,349.19,46.77
2019-05-07T12:00:00+00:00,SYSTEM,Elspot,1,326.5,43.73
2019-05-07T12:00:00+00:00,SE4,Elspot,1,326.87,43.78
2019-05-07T12:00:00+00:00,SE3,Elspot,1,326.87,43.78
2019-05-07T12:00:00+00:00,NO2,Elspot,1,326.87,43.78
2019-05-07T12:00:00+00:00,DK2,Elspot,1,358.38,48
2019-05-07T12:00:00+00:00,DK1,Elspot,1,326.87,43.78
2019-05-07T12:00:00+00:00,DE,Elspot,1,358.38,48
2019-05-07T11:00:00+00:00,SYSTEM,Elspot,1,332.25,44.5
2019-05-07T11:00:00+00:00,SE4,Elspot,1,331.72,44.43
2019-05-07T11:00:00+00:00,SE3,Elspot,1,331.72,44.43
2019-05-07T11:00:00+00:00,NO2,Elspot,1,328.74,44.03
2019-05-07T11:00:00+00:00,DK2,Elspot,1,365.4,48.94
2019-05-07T11:00:00+00:00,DK1,Elspot,1,328.74,44.03
2019-05-07T11:00:00+00:00,DE,Elspot,1,365.4,48.94
2019-05-07T10:00:00+00:00,SYSTEM,Elspot,1,335.31,44.91
2019-05-07T10:00:00+00:00,SE4,Elspot,1,334.64,44.82
2019-05-07T10:00:00+00:00,SE3,Elspot,1,334.64,44.82
2019-05-07T10:00:00+00:00,NO2,Elspot,1,331.65,44.42
2019-05-07T10:00:00+00:00,DK2,Elspot,1,355.47,47.61
2019-05-07T10:00:00+00:00,DK1,Elspot,1,331.65,44.42
2019-05-07T10:00:00+00:00,DE,Elspot,1,355.47,47.61
2019-05-07T09:00:00+00:00,SYSTEM,Elspot,1,338.14,45.29
2019-05-07T09:00:00+00:00,SE4,Elspot,1,339.04,45.41
2019-05-07T09:00:00+00:00,SE3,Elspot,1,339.04,45.41
2019-05-07T09:00:00+00:00,NO2,Elspot,1,332.25,44.5
2019-05-07T09:00:00+00:00,DK2,Elspot,1,382.27,51.2
2019-05-07T09:00:00+00:00,DK1,Elspot,1,332.25,44.5
2019-05-07T09:00:00+00:00,DE,Elspot,1,382.27,51.2
2019-05-07T08:00:00+00:00,SYSTEM,Elspot,1,342.77,45.91
2019-05-07T08:00:00+00:00,SE4,Elspot,1,345.54,46.28
2019-05-07T08:00:00+00:00,SE3,Elspot,1,345.54,46.28
2019-05-07T08:00:00+00:00,NO2,Elspot,1,337.17,45.16
2019-05-07T08:00:00+00:00,DK2,Elspot,1,377.86,50.61
2019-05-07T08:00:00+00:00,DK1,Elspot,1,337.17,45.16
2019-05-07T08:00:00+00:00,DE,Elspot,1,377.86,50.61
2019-05-07T07:00:00+00:00,SYSTEM,Elspot,1,345.46,46.27
2019-05-07T07:00:00+00:00,SE4,Elspot,1,349.04,46.75
2019-05-07T07:00:00+00:00,SE3,Elspot,1,349.04,46.75
2019-05-07T07:00:00+00:00,NO2,Elspot,1,335.98,45
2019-05-07T07:00:00+00:00,DK2,Elspot,1,429.53,57.53
2019-05-07T07:00:00+00:00,DK1,Elspot,1,335.98,45
2019-05-07T07:00:00+00:00,DE,Elspot,1,429.53,57.53
2019-05-07T06:00:00+00:00,SYSTEM,Elspot,1,353.23,47.31
2019-05-07T06:00:00+00:00,SE4,Elspot,1,363.31,48.66
2019-05-07T06:00:00+00:00,SE3,Elspot,1,363.31,48.66
2019-05-07T06:00:00+00:00,NO2,Elspot,1,339.94,45.53
2019-05-07T06:00:00+00:00,DK2,Elspot,1,477.09,63.9
2019-05-07T06:00:00+00:00,DK1,Elspot,1,339.94,45.53
2019-05-07T06:00:00+00:00,DE,Elspot,1,477.09,63.9
2019-05-07T05:00:00+00:00,SYSTEM,Elspot,1,350.02,46.88
2019-05-07T05:00:00+00:00,SE4,Elspot,1,358.15,47.97
2019-05-07T05:00:00+00:00,SE3,Elspot,1,358.15,47.97
2019-05-07T05:00:00+00:00,NO2,Elspot,1,339.26,45.44
2019-05-07T05:00:00+00:00,DK2,Elspot,1,449.17,60.16
2019-05-07T05:00:00+00:00,DK1,Elspot,1,339.26,45.44
2019-05-07T05:00:00+00:00,DE,Elspot,1,449.17,60.16
2019-05-07T04:00:00+00:00,SYSTEM,Elspot,1,336.05,45.01
2019-05-07T04:00:00+00:00,SE4,Elspot,1,339.34,45.45
2019-05-07T04:00:00+00:00,SE3,Elspot,1,339.34,45.45
2019-05-07T04:00:00+00:00,NO2,Elspot,1,331.95,44.46
2019-05-07T04:00:00+00:00,DK2,Elspot,1,385.18,51.59
2019-05-07T04:00:00+00:00,DK1,Elspot,1,341.88,45.79
2019-05-07T04:00:00+00:00,DE,Elspot,1,385.18,51.59
2019-05-07T03:00:00+00:00,SYSTEM,Elspot,1,318.36,42.64
2019-05-07T03:00:00+00:00,SE4,Elspot,1,318.88,42.71
2019-05-07T03:00:00+00:00,SE3,Elspot,1,318.88,42.71
2019-05-07T03:00:00+00:00,NO2,Elspot,1,318.88,42.71
2019-05-07T03:00:00+00:00,DK2,Elspot,1,318.88,42.71
2019-05-07T03:00:00+00:00,DK1,Elspot,1,318.88,42.71
2019-05-07T03:00:00+00:00,DE,Elspot,1,318.88,42.71
2019-05-07T02:00:00+00:00,SYSTEM,Elspot,1,300.81,40.29
2019-05-07T02:00:00+00:00,SE4,Elspot,1,269.53,36.1
2019-05-07T02:00:00+00:00,SE3,Elspot,1,269.53,36.1
2019-05-07T02:00:00+00:00,NO2,Elspot,1,308.73,41.35
2019-05-07T02:00:00+00:00,DK2,Elspot,1,298.87,40.03
2019-05-07T02:00:00+00:00,DK1,Elspot,1,298.87,40.03
2019-05-07T02:00:00+00:00,DE,Elspot,1,298.87,40.03
2019-05-07T01:00:00+00:00,SYSTEM,Elspot,1,298.35,39.96
2019-05-07T01:00:00+00:00,SE4,Elspot,1,276.1,36.98
2019-05-07T01:00:00+00:00,SE3,Elspot,1,276.1,36.98
2019-05-07T01:00:00+00:00,NO2,Elspot,1,306.41,41.04
2019-05-07T01:00:00+00:00,DK2,Elspot,1,298.87,40.03
2019-05-07T01:00:00+00:00,DK1,Elspot,1,298.87,40.03
2019-05-07T01:00:00+00:00,DE,Elspot,1,298.87,40.03
2019-05-07T00:00:00+00:00,SYSTEM,Elspot,1,297.75,39.88
2019-05-07T00:00:00+00:00,SE4,Elspot,1,269.38,36.08
2019-05-07T00:00:00+00:00,SE3,Elspot,1,269.38,36.08
2019-05-07T00:00:00+00:00,NO2,Elspot,1,306.19,41.01
2019-05-07T00:00:00+00:00,DK2,Elspot,1,304.62,40.8
2019-05-07T00:00:00+00:00,DK1,Elspot,1,304.62,40.8
2019-05-07T00:00:00+00:00,DE,Elspot,1,304.62,40.8
2019-05-06T23:00:00+00:00,SYSTEM,Elspot,1,302.75,40.55
2019-05-06T23:00:00+00:00,SE4,Elspot,1,292.45,39.17
2019-05-06T23:00:00+00:00,SE3,Elspot,1,292.45,39.17
2019-05-06T23:00:00+00:00,NO2,Elspot,1,307.76,41.22
2019-05-06T23:00:00+00:00,DK2,Elspot,1,305.96,40.98
2019-05-06T23:00:00+00:00,DK1,Elspot,1,305.96,40.98
2019-05-06T23:00:00+00:00,DE,Elspot,1,305.96,40.98
2019-05-06T22:00:00+00:00,SYSTEM,Elspot,1,311.27,41.69
2019-05-06T22:00:00+00:00,SE4,Elspot,1,307.61,41.2
2019-05-06T22:00:00+00:00,SE3,Elspot,1,307.61,41.2
2019-05-06T22:00:00+00:00,NO2,Elspot,1,314.25,42.09
2019-05-06T22:00:00+00:00,DK2,Elspot,1,315.97,42.32
2019-05-06T22:00:00+00:00,DK1,Elspot,1,315.97,42.32
2019-05-06T22:00:00+00:00,DE,Elspot,1,315.97,42.32
2019-05-06T21:00:00+00:00,SYSTEM,Elspot,1,312.73,41.89
2019-05-06T21:00:00+00:00,SE4,Elspot,1,308.63,41.34
2019-05-06T21:00:00+00:00,SE3,Elspot,1,308.63,41.34
2019-05-06T21:00:00+00:00,NO2,Elspot,1,319.6,42.81
2019-05-06T21:00:00+00:00,DK2,Elspot,1,319.6,42.81
2019-05-06T21:00:00+00:00,DK1,Elspot,1,319.6,42.81
2019-05-06T21:00:00+00:00,DE,Elspot,1,338.42,45.33
2019-05-06T20:00:00+00:00,SYSTEM,Elspot,1,324.23,43.43
2019-05-06T20:00:00+00:00,SE4,Elspot,1,324.23,43.43
2019-05-06T20:00:00+00:00,SE3,Elspot,1,324.23,43.43
2019-05-06T20:00:00+00:00,NO2,Elspot,1,324.23,43.43
2019-05-06T20:00:00+00:00,DK2,Elspot,1,410.61,55
2019-05-06T20:00:00+00:00,DK1,Elspot,1,324.23,43.43
2019-05-06T20:00:00+00:00,DE,Elspot,1,410.61,55
2019-05-06T19:00:00+00:00,SYSTEM,Elspot,1,329.01,44.07
2019-05-06T19:00:00+00:00,SE4,Elspot,1,328.93,44.06
2019-05-06T19:00:00+00:00,SE3,Elspot,1,328.93,44.06
2019-05-06T19:00:00+00:00,NO2,Elspot,1,328.93,44.06
2019-05-06T19:00:00+00:00,DK2,Elspot,1,419.12,56.14
2019-05-06T19:00:00+00:00,DK1,Elspot,1,328.93,44.06
2019-05-06T19:00:00+00:00,DE,Elspot,1,419.12,56.14
2019-05-06T18:00:00+00:00,SYSTEM,Elspot,1,327.81,43.91
2019-05-06T18:00:00+00:00,SE4,Elspot,1,327.81,43.91
2019-05-06T18:00:00+00:00,SE3,Elspot,1,327.81,43.91
2019-05-06T18:00:00+00:00,NO2,Elspot,1,327.81,43.91
2019-05-06T18:00:00+00:00,DK2,Elspot,1,419.12,56.14
2019-05-06T18:00:00+00:00,DK1,Elspot,1,327.81,43.91
2019-05-06T18:00:00+00:00,DE,Elspot,1,419.12,56.14
2019-05-06T17:00:00+00:00,SYSTEM,Elspot,1,331.02,44.34
2019-05-06T17:00:00+00:00,SE4,Elspot,1,329.38,44.12
2019-05-06T17:00:00+00:00,SE3,Elspot,1,329.38,44.12
2019-05-06T17:00:00+00:00,NO2,Elspot,1,329.38,44.12
2019-05-06T17:00:00+00:00,DK2,Elspot,1,406.13,54.4
2019-05-06T17:00:00+00:00,DK1,Elspot,1,329.38,44.12
2019-05-06T17:00:00+00:00,DE,Elspot,1,406.13,54.4
2019-05-06T16:00:00+00:00,SYSTEM,Elspot,1,331.1,44.35
2019-05-06T16:00:00+00:00,SE4,Elspot,1,329.16,44.09
2019-05-06T16:00:00+00:00,SE3,Elspot,1,329.16,44.09
2019-05-06T16:00:00+00:00,NO2,Elspot,1,329.16,44.09
2019-05-06T16:00:00+00:00,DK2,Elspot,1,352.3,47.19
2019-05-06T16:00:00+00:00,DK1,Elspot,1,333.49,44.67
2019-05-06T16:00:00+00:00,DE,Elspot,1,352.3,47.19
2019-05-06T15:00:00+00:00,SYSTEM,Elspot,1,324.6,43.48
2019-05-06T15:00:00+00:00,SE4,Elspot,1,324.45,43.46
2019-05-06T15:00:00+00:00,SE3,Elspot,1,324.45,43.46
2019-05-06T15:00:00+00:00,NO2,Elspot,1,324.45,43.46
2019-05-06T15:00:00+00:00,DK2,Elspot,1,327.52,43.87
2019-05-06T15:00:00+00:00,DK1,Elspot,1,327.52,43.87
2019-05-06T15:00:00+00:00,DE,Elspot,1,327.52,43.87
2019-05-06T14:00:00+00:00,SYSTEM,Elspot,1,313.7,42.02
2019-05-06T14:00:00+00:00,SE4,Elspot,1,314.75,42.16
2019-05-06T14:00:00+00:00,SE3,Elspot,1,314.75,42.16
2019-05-06T14:00:00+00:00,NO2,Elspot,1,314.75,42.16
2019-05-06T14:00:00+00:00,DK2,Elspot,1,307.28,41.16
2019-05-06T14:00:00+00:00,DK1,Elspot,1,307.28,41.16
2019-05-06T14:00:00+00:00,DE,Elspot,1,307.28,41.16
2019-05-06T13:00:00+00:00,SYSTEM,Elspot,1,313.93,42.05
2019-05-06T13:00:00+00:00,SE4,Elspot,1,314.97,42.19
2019-05-06T13:00:00+00:00,SE3,Elspot,1,314.97,42.19
2019-05-06T13:00:00+00:00,NO2,Elspot,1,314.97,42.19
2019-05-06T13:00:00+00:00,DK2,Elspot,1,306.76,41.09
2019-05-06T13:00:00+00:00,DK1,Elspot,1,306.76,41.09
2019-05-06T13:00:00+00:00,DE,Elspot,1,306.76,41.09
2019-05-06T12:00:00+00:00,SYSTEM,Elspot,1,321.17,43.02
2019-05-06T12:00:00+00:00,SE4,Elspot,1,322.29,43.17
2019-05-06T12:00:00+00:00,SE3,Elspot,1,322.29,43.17
2019-05-06T12:00:00+00:00,NO2,Elspot,1,319.83,42.84
2019-05-06T12:00:00+00:00,DK2,Elspot,1,314.15,42.08
2019-05-06T12:00:00+00:00,DK1,Elspot,1,314.15,42.08
2019-05-06T12:00:00+00:00,DE,Elspot,1,314.15,42.08
2019-05-06T11:00:00+00:00,SYSTEM,Elspot,1,328.79,44.04
2019-05-06T11:00:00+00:00,SE4,Elspot,1,330.35,44.25
2019-05-06T11:00:00+00:00,SE3,Elspot,1,330.35,44.25
2019-05-06T11:00:00+00:00,NO2,Elspot,1,324.31,43.44
2019-05-06T11:00:00+00:00,DK2,Elspot,1,329.9,44.19
2019-05-06T11:00:00+00:00,DK1,Elspot,1,329.9,44.19
2019-05-06T11:00:00+00:00,DE,Elspot,1,329.9,44.19
2019-05-06T10:00:00+00:00,SYSTEM,Elspot,1,335.13,44.89
2019-05-06T10:00:00+00:00,SE4,Elspot,1,333.71,44.7
2019-05-06T10:00:00+00:00,SE3,Elspot,1,333.71,44.7
2019-05-06T10:00:00+00:00,NO2,Elspot,1,331.47,44.4
2019-05-06T10:00:00+00:00,DK2,Elspot,1,331.47,44.4
2019-05-06T10:00:00+00:00,DK1,Elspot,1,331.47,44.4
2019-05-06T10:00:00+00:00,DE,Elspot,1,331.47,44.4
2019-05-06T09:00:00+00:00,SYSTEM,Elspot,1,338.86,45.39
2019-05-06T09:00:00+00:00,SE4,Elspot,1,339.01,45.41
2019-05-06T09:00:00+00:00,SE3,Elspot,1,339.01,45.41
2019-05-06T09:00:00+00:00,NO2,Elspot,1,333.94,44.73
2019-05-06T09:00:00+00:00,DK2,Elspot,1,336.25,45.04
2019-05-06T09:00:00+00:00,DK1,Elspot,1,333.94,44.73
2019-05-06T09:00:00+00:00,DE,Elspot,1,336.25,45.04
2019-05-06T08:00:00+00:00,SYSTEM,Elspot,1,340.66,45.63
2019-05-06T08:00:00+00:00,SE4,Elspot,1,342,45.81
2019-05-06T08:00:00+00:00,SE3,Elspot,1,342,45.81
2019-05-06T08:00:00+00:00,NO2,Elspot,1,334.09,44.75
2019-05-06T08:00:00+00:00,DK2,Elspot,1,334.09,44.75
2019-05-06T08:00:00+00:00,DK1,Elspot,1,334.09,44.75
2019-05-06T08:00:00+00:00,DE,Elspot,1,334.09,44.75
2019-05-06T07:00:00+00:00,SYSTEM,Elspot,1,345.51,46.28
2019-05-06T07:00:00+00:00,SE4,Elspot,1,343.64,46.03
2019-05-06T07:00:00+00:00,SE3,Elspot,1,343.64,46.03
2019-05-06T07:00:00+00:00,NO2,Elspot,1,337.59,45.22
2019-05-06T07:00:00+00:00,DK2,Elspot,1,337.59,45.22
2019-05-06T07:00:00+00:00,DK1,Elspot,1,337.59,45.22
2019-05-06T07:00:00+00:00,DE,Elspot,1,337.59,45.22
2019-05-06T06:00:00+00:00,SYSTEM,Elspot,1,361.93,48.48
2019-05-06T06:00:00+00:00,SE4,Elspot,1,364.62,48.84
2019-05-06T06:00:00+00:00,SE3,Elspot,1,364.62,48.84
2019-05-06T06:00:00+00:00,NO2,Elspot,1,351.26,47.05
2019-05-06T06:00:00+00:00,DK2,Elspot,1,364.62,48.84
2019-05-06T06:00:00+00:00,DK1,Elspot,1,351.26,47.05
2019-05-06T06:00:00+00:00,DE,Elspot,1,364.62,48.84
2019-05-06T05:00:00+00:00,SYSTEM,Elspot,1,365.44,48.95
2019-05-06T05:00:00+00:00,SE4,Elspot,1,375.22,50.26
2019-05-06T05:00:00+00:00,SE3,Elspot,1,375.22,50.26
2019-05-06T05:00:00+00:00,NO2,Elspot,1,343.72,46.04
2019-05-06T05:00:00+00:00,DK2,Elspot,1,385.45,51.63
2019-05-06T05:00:00+00:00,DK1,Elspot,1,371.56,49.77
2019-05-06T05:00:00+00:00,DE,Elspot,1,385.45,51.63
2019-05-06T04:00:00+00:00,SYSTEM,Elspot,1,335.13,44.89
2019-05-06T04:00:00+00:00,SE4,Elspot,1,334.09,44.75
2019-05-06T04:00:00+00:00,SE3,Elspot,1,334.09,44.75
2019-05-06T04:00:00+00:00,NO2,Elspot,1,330.2,44.23
2019-05-06T04:00:00+00:00,DK2,Elspot,1,342.3,45.85
2019-05-06T04:00:00+00:00,DK1,Elspot,1,342.3,45.85
2019-05-06T04:00:00+00:00,DE,Elspot,1,342.3,45.85
2019-05-06T03:00:00+00:00,SYSTEM,Elspot,1,311.61,41.74
2019-05-06T03:00:00+00:00,SE4,Elspot,1,311.39,41.71
2019-05-06T03:00:00+00:00,SE3,Elspot,1,311.39,41.71
2019-05-06T03:00:00+00:00,NO2,Elspot,1,311.39,41.71
2019-05-06T03:00:00+00:00,DK2,Elspot,1,271.37,36.35
2019-05-06T03:00:00+00:00,DK1,Elspot,1,271.37,36.35
2019-05-06T03:00:00+00:00,DE,Elspot,1,271.37,36.35
2019-05-06T02:00:00+00:00,SYSTEM,Elspot,1,288.77,38.68
2019-05-06T02:00:00+00:00,SE4,Elspot,1,246.89,33.07
2019-05-06T02:00:00+00:00,SE3,Elspot,1,246.89,33.07
2019-05-06T02:00:00+00:00,NO2,Elspot,1,300.49,40.25
2019-05-06T02:00:00+00:00,DK2,Elspot,1,246.89,33.07
2019-05-06T02:00:00+00:00,DK1,Elspot,1,246.89,33.07
2019-05-06T02:00:00+00:00,DE,Elspot,1,246.89,33.07
2019-05-06T01:00:00+00:00,SYSTEM,Elspot,1,293.47,39.31
2019-05-06T01:00:00+00:00,SE4,Elspot,1,248.9,33.34
2019-05-06T01:00:00+00:00,SE3,Elspot,1,248.9,33.34
2019-05-06T01:00:00+00:00,NO2,Elspot,1,305.04,40.86
2019-05-06T01:00:00+00:00,DK2,Elspot,1,248.9,33.34
2019-05-06T01:00:00+00:00,DK1,Elspot,1,248.9,33.34
2019-05-06T01:00:00+00:00,DE,Elspot,1,248.9,33.34
2019-05-06T00:00:00+00:00,SYSTEM,Elspot,1,296.09,39.66
2019-05-06T00:00:00+00:00,SE4,Elspot,1,260.7,34.92
2019-05-06T00:00:00+00:00,SE3,Elspot,1,260.7,34.92
2019-05-06T00:00:00+00:00,NO2,Elspot,1,307.13,41.14
2019-05-06T00:00:00+00:00,DK2,Elspot,1,260.7,34.92
2019-05-06T00:00:00+00:00,DK1,Elspot,1,260.7,34.92
2019-05-06T00:00:00+00:00,DE,Elspot,1,260.7,34.92
2019-05-05T23:00:00+00:00,SYSTEM,Elspot,1,298.25,39.95
2019-05-05T23:00:00+00:00,SE4,Elspot,1,261.22,34.99
2019-05-05T23:00:00+00:00,SE3,Elspot,1,261.22,34.99
2019-05-05T23:00:00+00:00,NO2,Elspot,1,308.25,41.29
2019-05-05T23:00:00+00:00,DK2,Elspot,1,261.22,34.99
2019-05-05T23:00:00+00:00,DK1,Elspot,1,261.22,34.99
2019-05-05T23:00:00+00:00,DE,Elspot,1,261.22,34.99
2019-05-05T22:00:00+00:00,SYSTEM,Elspot,1,306.39,41.04
2019-05-05T22:00:00+00:00,SE4,Elspot,1,289.07,38.72
2019-05-05T22:00:00+00:00,SE3,Elspot,1,289.07,38.72
2019-05-05T22:00:00+00:00,NO2,Elspot,1,313.11,41.94
2019-05-05T22:00:00+00:00,DK2,Elspot,1,282.95,37.9
2019-05-05T22:00:00+00:00,DK1,Elspot,1,282.95,37.9
2019-05-05T22:00:00+00:00,DE,Elspot,1,282.95,37.9
2019-05-05T21:00:00+00:00,SYSTEM,Elspot,1,306.09,41
2019-05-05T21:00:00+00:00,SE4,Elspot,1,305.19,40.88
2019-05-05T21:00:00+00:00,SE3,Elspot,1,305.19,40.88
2019-05-05T21:00:00+00:00,NO2,Elspot,1,309.52,41.46
2019-05-05T21:00:00+00:00,DK2,Elspot,1,296.46,39.71
2019-05-05T21:00:00+00:00,DK1,Elspot,1,296.46,39.71
2019-05-05T21:00:00+00:00,DE,Elspot,1,296.46,39.71
2019-05-05T20:00:00+00:00,SYSTEM,Elspot,1,316.09,42.34
2019-05-05T20:00:00+00:00,SE4,Elspot,1,316.09,42.34
2019-05-05T20:00:00+00:00,SE3,Elspot,1,316.09,42.34
2019-05-05T20:00:00+00:00,NO2,Elspot,1,316.09,42.34
2019-05-05T20:00:00+00:00,DK2,Elspot,1,316.09,42.34
2019-05-05T20:00:00+00:00,DK1,Elspot,1,316.09,42.34
2019-05-05T20:00:00+00:00,DE,Elspot,1,316.09,42.34
2019-05-05T19:00:00+00:00,SYSTEM,Elspot,1,317.59,42.54
2019-05-05T19:00:00+00:00,SE4,Elspot,1,317.59,42.54
2019-05-05T19:00:00+00:00,SE3,Elspot,1,317.59,42.54
2019-05-05T19:00:00+00:00,NO2,Elspot,1,317.59,42.54
2019-05-05T19:00:00+00:00,DK2,Elspot,1,308.4,41.31
2019-05-05T19:00:00+00:00,DK1,Elspot,1,308.4,41.31
2019-05-05T19:00:00+00:00,DE,Elspot,1,308.4,41.31
2019-05-05T18:00:00+00:00,SYSTEM,Elspot,1,317.66,42.55
2019-05-05T18:00:00+00:00,SE4,Elspot,1,317.74,42.56
2019-05-05T18:00:00+00:00,SE3,Elspot,1,317.74,42.56
2019-05-05T18:00:00+00:00,NO2,Elspot,1,317.74,42.56
2019-05-05T18:00:00+00:00,DK2,Elspot,1,308.48,41.32
2019-05-05T18:00:00+00:00,DK1,Elspot,1,308.48,41.32
2019-05-05T18:00:00+00:00,DE,Elspot,1,308.48,41.32
2019-05-05T17:00:00+00:00,SYSTEM,Elspot,1,311.61,41.74
2019-05-05T17:00:00+00:00,SE4,Elspot,1,312.96,41.92
2019-05-05T17:00:00+00:00,SE3,Elspot,1,312.96,41.92
2019-05-05T17:00:00+00:00,NO2,Elspot,1,312.96,41.92
2019-05-05T17:00:00+00:00,DK2,Elspot,1,287.2,38.47
2019-05-05T17:00:00+00:00,DK1,Elspot,1,287.2,38.47
2019-05-05T17:00:00+00:00,DE,Elspot,1,287.2,38.47
2019-05-05T16:00:00+00:00,SYSTEM,Elspot,1,307.73,41.22
2019-05-05T16:00:00+00:00,SE4,Elspot,1,309.08,41.4
2019-05-05T16:00:00+00:00,SE3,Elspot,1,309.08,41.4
2019-05-05T16:00:00+00:00,NO2,Elspot,1,309.08,41.4
2019-05-05T16:00:00+00:00,DK2,Elspot,1,242.18,32.44
2019-05-05T16:00:00+00:00,DK1,Elspot,1,242.18,32.44
2019-05-05T16:00:00+00:00,DE,Elspot,1,242.18,32.44
2019-05-05T15:00:00+00:00,SYSTEM,Elspot,1,307.13,41.14
2019-05-05T15:00:00+00:00,SE4,Elspot,1,308.7,41.35
2019-05-05T15:00:00+00:00,SE3,Elspot,1,308.7,41.35
2019-05-05T15:00:00+00:00,NO2,Elspot,1,308.7,41.35
2019-05-05T15:00:00+00:00,DK2,Elspot,1,229.19,30.7
2019-05-05T15:00:00+00:00,DK1,Elspot,1,229.19,30.7
2019-05-05T15:00:00+00:00,DE,Elspot,1,229.19,30.7
2019-05-05T14:00:00+00:00,SYSTEM,Elspot,1,303.48,40.65
2019-05-05T14:00:00+00:00,SE4,Elspot,1,305.27,40.89
2019-05-05T14:00:00+00:00,SE3,Elspot,1,305.27,40.89
2019-05-05T14:00:00+00:00,NO2,Elspot,1,305.27,40.89
2019-05-05T14:00:00+00:00,DK2,Elspot,1,162.15,21.72
2019-05-05T14:00:00+00:00,DK1,Elspot,1,162.15,21.72
2019-05-05T14:00:00+00:00,DE,Elspot,1,162.15,21.72
2019-05-05T13:00:00+00:00,SYSTEM,Elspot,1,302.51,40.52
2019-05-05T13:00:00+00:00,SE4,Elspot,1,305.04,40.86
2019-05-05T13:00:00+00:00,SE3,Elspot,1,305.04,40.86
2019-05-05T13:00:00+00:00,NO2,Elspot,1,305.04,40.86
2019-05-05T13:00:00+00:00,DK2,Elspot,1,117.28,15.71
2019-05-05T13:00:00+00:00,DK1,Elspot,1,117.28,15.71
2019-05-05T13:00:00+00:00,DE,Elspot,1,117.28,15.71
2019-05-05T12:00:00+00:00,SYSTEM,Elspot,1,304.3,40.76
2019-05-05T12:00:00+00:00,SE4,Elspot,1,306.76,41.09
2019-05-05T12:00:00+00:00,SE3,Elspot,1,306.76,41.09
2019-05-05T12:00:00+00:00,NO2,Elspot,1,306.76,41.09
2019-05-05T12:00:00+00:00,DK2,Elspot,1,120.35,16.12
2019-05-05T12:00:00+00:00,DK1,Elspot,1,120.35,16.12
2019-05-05T12:00:00+00:00,DE,Elspot,1,120.35,16.12
2019-05-05T11:00:00+00:00,SYSTEM,Elspot,1,307.13,41.14
2019-05-05T11:00:00+00:00,SE4,Elspot,1,309.45,41.45
2019-05-05T11:00:00+00:00,SE3,Elspot,1,309.45,41.45
2019-05-05T11:00:00+00:00,NO2,Elspot,1,309.45,41.45
2019-05-05T11:00:00+00:00,DK2,Elspot,1,197.09,26.4
2019-05-05T11:00:00+00:00,DK1,Elspot,1,197.09,26.4
2019-05-05T11:00:00+00:00,DE,Elspot,1,197.09,26.4
2019-05-05T10:00:00+00:00,SYSTEM,Elspot,1,308.78,41.36
2019-05-05T10:00:00+00:00,SE4,Elspot,1,310.79,41.63
2019-05-05T10:00:00+00:00,SE3,Elspot,1,310.79,41.63
2019-05-05T10:00:00+00:00,NO2,Elspot,1,310.79,41.63
2019-05-05T10:00:00+00:00,DK2,Elspot,1,209.71,28.09
2019-05-05T10:00:00+00:00,DK1,Elspot,1,209.71,28.09
2019-05-05T10:00:00+00:00,DE,Elspot,1,209.71,28.09
2019-05-05T09:00:00+00:00,SYSTEM,Elspot,1,307.81,41.23
2019-05-05T09:00:00+00:00,SE4,Elspot,1,309.9,41.51
2019-05-05T09:00:00+00:00,SE3,Elspot,1,309.9,41.51
2019-05-05T09:00:00+00:00,NO2,Elspot,1,309.9,41.51
2019-05-05T09:00:00+00:00,DK2,Elspot,1,214.49,28.73
2019-05-05T09:00:00+00:00,DK1,Elspot,1,214.49,28.73
2019-05-05T09:00:00+00:00,DE,Elspot,1,214.49,28.73
2019-05-05T08:00:00+00:00,SYSTEM,Elspot,1,308.7,41.35
2019-05-05T08:00:00+00:00,SE4,Elspot,1,310.79,41.63
2019-05-05T08:00:00+00:00,SE3,Elspot,1,310.79,41.63
2019-05-05T08:00:00+00:00,NO2,Elspot,1,310.79,41.63
2019-05-05T08:00:00+00:00,DK2,Elspot,1,212.47,28.46
2019-05-05T08:00:00+00:00,DK1,Elspot,1,212.47,28.46
2019-05-05T08:00:00+00:00,DE,Elspot,1,212.47,28.46
2019-05-05T07:00:00+00:00,SYSTEM,Elspot,1,308.11,41.27
2019-05-05T07:00:00+00:00,SE4,Elspot,1,309.97,41.52
2019-05-05T07:00:00+00:00,SE3,Elspot,1,309.97,41.52
2019-05-05T07:00:00+00:00,NO2,Elspot,1,309.97,41.52
2019-05-05T07:00:00+00:00,DK2,Elspot,1,226.13,30.29
2019-05-05T07:00:00+00:00,DK1,Elspot,1,226.13,30.29
2019-05-05T07:00:00+00:00,DE,Elspot,1,226.13,30.29
2019-05-05T06:00:00+00:00,SYSTEM,Elspot,1,304.75,40.82
2019-05-05T06:00:00+00:00,SE4,Elspot,1,306.24,41.02
2019-05-05T06:00:00+00:00,SE3,Elspot,1,306.24,41.02
2019-05-05T06:00:00+00:00,NO2,Elspot,1,306.24,41.02
2019-05-05T06:00:00+00:00,DK2,Elspot,1,229.19,30.7
2019-05-05T06:00:00+00:00,DK1,Elspot,1,229.19,30.7
2019-05-05T06:00:00+00:00,DE,Elspot,1,229.19,30.7
2019-05-05T05:00:00+00:00,SYSTEM,Elspot,1,298.4,39.97
2019-05-05T05:00:00+00:00,SE4,Elspot,1,299.52,40.12
2019-05-05T05:00:00+00:00,SE3,Elspot,1,299.52,40.12
2019-05-05T05:00:00+00:00,NO2,Elspot,1,299.52,40.12
2019-05-05T05:00:00+00:00,DK2,Elspot,1,216.58,29.01
2019-05-05T05:00:00+00:00,DK1,Elspot,1,216.58,29.01
2019-05-05T05:00:00+00:00,DE,Elspot,1,216.58,29.01
2019-05-05T04:00:00+00:00,SYSTEM,Elspot,1,282.35,37.82
2019-05-05T04:00:00+00:00,SE4,Elspot,1,224.64,30.09
2019-05-05T04:00:00+00:00,SE3,Elspot,1,224.64,30.09
2019-05-05T04:00:00+00:00,NO2,Elspot,1,292.95,39.24
2019-05-05T04:00:00+00:00,DK2,Elspot,1,209.41,28.05
2019-05-05T04:00:00+00:00,DK1,Elspot,1,209.41,28.05
2019-05-05T04:00:00+00:00,DE,Elspot,1,209.41,28.05
2019-05-05T03:00:00+00:00,SYSTEM,Elspot,1,278.91,37.36
2019-05-05T03:00:00+00:00,SE4,Elspot,1,213.74,28.63
2019-05-05T03:00:00+00:00,SE3,Elspot,1,213.74,28.63
2019-05-05T03:00:00+00:00,NO2,Elspot,1,297.43,39.84
2019-05-05T03:00:00+00:00,DK2,Elspot,1,208.59,27.94
2019-05-05T03:00:00+00:00,DK1,Elspot,1,208.59,27.94
2019-05-05T03:00:00+00:00,DE,Elspot,1,208.59,27.94
2019-05-05T02:00:00+00:00,SYSTEM,Elspot,1,274.14,36.72
2019-05-05T02:00:00+00:00,SE4,Elspot,1,216.8,29.04
2019-05-05T02:00:00+00:00,SE3,Elspot,1,216.8,29.04
2019-05-05T02:00:00+00:00,NO2,Elspot,1,291.61,39.06
2019-05-05T02:00:00+00:00,DK2,Elspot,1,216.8,29.04
2019-05-05T02:00:00+00:00,DK1,Elspot,1,216.8,29.04
2019-05-05T02:00:00+00:00,DE,Elspot,1,216.8,29.04
2019-05-05T01:00:00+00:00,SYSTEM,Elspot,1,275.18,36.86
2019-05-05T01:00:00+00:00,SE4,Elspot,1,215.76,28.9
2019-05-05T01:00:00+00:00,SE3,Elspot,1,215.76,28.9
2019-05-05T01:00:00+00:00,NO2,Elspot,1,293.25,39.28
2019-05-05T01:00:00+00:00,DK2,Elspot,1,215.76,28.9
2019-05-05T01:00:00+00:00,DK1,Elspot,1,215.76,28.9
2019-05-05T01:00:00+00:00,DE,Elspot,1,215.76,28.9
2019-05-05T00:00:00+00:00,SYSTEM,Elspot,1,287.8,38.55
2019-05-05T00:00:00+00:00,SE4,Elspot,1,216.8,29.04
2019-05-05T00:00:00+00:00,SE3,Elspot,1,216.8,29.04
2019-05-05T00:00:00+00:00,NO2,Elspot,1,302.21,40.48
2019-05-05T00:00:00+00:00,DK2,Elspot,1,216.8,29.04
2019-05-05T00:00:00+00:00,DK1,Elspot,1,216.8,29.04
2019-05-05T00:00:00+00:00,DE,Elspot,1,216.8,29.04
2019-05-04T23:00:00+00:00,SYSTEM,Elspot,1,297.43,39.84
2019-05-04T23:00:00+00:00,SE4,Elspot,1,239.05,32.02
2019-05-04T23:00:00+00:00,SE3,Elspot,1,239.05,32.02
2019-05-04T23:00:00+00:00,NO2,Elspot,1,311.69,41.75
2019-05-04T23:00:00+00:00,DK2,Elspot,1,239.05,32.02
2019-05-04T23:00:00+00:00,DK1,Elspot,1,239.05,32.02
2019-05-04T23:00:00+00:00,DE,Elspot,1,239.05,32.02
2019-05-04T22:00:00+00:00,SYSTEM,Elspot,1,301.01,40.32
2019-05-04T22:00:00+00:00,SE4,Elspot,1,262.71,35.19
2019-05-04T22:00:00+00:00,SE3,Elspot,1,262.71,35.19
2019-05-04T22:00:00+00:00,NO2,Elspot,1,319.6,42.81
2019-05-04T22:00:00+00:00,DK2,Elspot,1,262.71,35.19
2019-05-04T22:00:00+00:00,DK1,Elspot,1,262.71,35.19
2019-05-04T22:00:00+00:00,DE,Elspot,1,262.71,35.19
2019-05-04T21:00:00+00:00,SYSTEM,Elspot,1,314.68,42.15
2019-05-04T21:00:00+00:00,SE4,Elspot,1,306.01,40.99
2019-05-04T21:00:00+00:00,SE3,Elspot,1,306.01,40.99
2019-05-04T21:00:00+00:00,NO2,Elspot,1,323.41,43.32
2019-05-04T21:00:00+00:00,DK2,Elspot,1,330.73,44.3
2019-05-04T21:00:00+00:00,DK1,Elspot,1,330.73,44.3
2019-05-04T21:00:00+00:00,DE,Elspot,1,330.73,44.3
2019-05-04T20:00:00+00:00,SYSTEM,Elspot,1,321.84,43.11
2019-05-04T20:00:00+00:00,SE4,Elspot,1,318.63,42.68
2019-05-04T20:00:00+00:00,SE3,Elspot,1,318.63,42.68
2019-05-04T20:00:00+00:00,NO2,Elspot,1,326.17,43.69
2019-05-04T20:00:00+00:00,DK2,Elspot,1,342.82,45.92
2019-05-04T20:00:00+00:00,DK1,Elspot,1,342.82,45.92
2019-05-04T20:00:00+00:00,DE,Elspot,1,342.82,45.92
2019-05-04T19:00:00+00:00,SYSTEM,Elspot,1,322.14,43.15
2019-05-04T19:00:00+00:00,SE4,Elspot,1,317.29,42.5
2019-05-04T19:00:00+00:00,SE3,Elspot,1,317.29,42.5
2019-05-04T19:00:00+00:00,NO2,Elspot,1,326.47,43.73
2019-05-04T19:00:00+00:00,DK2,Elspot,1,339.68,45.5
2019-05-04T19:00:00+00:00,DK1,Elspot,1,339.68,45.5
2019-05-04T19:00:00+00:00,DE,Elspot,1,339.68,45.5
2019-05-04T18:00:00+00:00,SYSTEM,Elspot,1,320.65,42.95
2019-05-04T18:00:00+00:00,SE4,Elspot,1,319.01,42.73
2019-05-04T18:00:00+00:00,SE3,Elspot,1,319.01,42.73
2019-05-04T18:00:00+00:00,NO2,Elspot,1,323.86,43.38
2019-05-04T18:00:00+00:00,DK2,Elspot,1,334.53,44.81
2019-05-04T18:00:00+00:00,DK1,Elspot,1,334.53,44.81
2019-05-04T18:00:00+00:00,DE,Elspot,1,334.53,44.81
2019-05-04T17:00:00+00:00,SYSTEM,Elspot,1,317.36,42.51
2019-05-04T17:00:00+00:00,SE4,Elspot,1,317.44,42.52
2019-05-04T17:00:00+00:00,SE3,Elspot,1,317.44,42.52
2019-05-04T17:00:00+00:00,NO2,Elspot,1,321.77,43.1
2019-05-04T17:00:00+00:00,DK2,Elspot,1,334.98,44.87
2019-05-04T17:00:00+00:00,DK1,Elspot,1,334.98,44.87
2019-05-04T17:00:00+00:00,DE,Elspot,1,334.98,44.87
2019-05-04T16:00:00+00:00,SYSTEM,Elspot,1,306.54,41.06
2019-05-04T16:00:00+00:00,SE4,Elspot,1,310.94,41.65
2019-05-04T16:00:00+00:00,SE3,Elspot,1,310.94,41.65
2019-05-04T16:00:00+00:00,NO2,Elspot,1,310.94,41.65
2019-05-04T16:00:00+00:00,DK2,Elspot,1,310.94,41.65
2019-05-04T16:00:00+00:00,DK1,Elspot,1,309.08,41.4
2019-05-04T16:00:00+00:00,DE,Elspot,1,309.08,41.4
2019-05-04T15:00:00+00:00,SYSTEM,Elspot,1,300.49,40.25
2019-05-04T15:00:00+00:00,SE4,Elspot,1,302.28,40.49
2019-05-04T15:00:00+00:00,SE3,Elspot,1,302.28,40.49
2019-05-04T15:00:00+00:00,NO2,Elspot,1,302.28,40.49
2019-05-04T15:00:00+00:00,DK2,Elspot,1,302.28,40.49
2019-05-04T15:00:00+00:00,DK1,Elspot,1,280.26,37.54
2019-05-04T15:00:00+00:00,DE,Elspot,1,254.65,34.11
2019-05-04T14:00:00+00:00,SYSTEM,Elspot,1,288.92,38.7
2019-05-04T14:00:00+00:00,SE4,Elspot,1,293.92,39.37
2019-05-04T14:00:00+00:00,SE3,Elspot,1,293.92,39.37
2019-05-04T14:00:00+00:00,NO2,Elspot,1,293.92,39.37
2019-05-04T14:00:00+00:00,DK2,Elspot,1,243.98,32.68
2019-05-04T14:00:00+00:00,DK1,Elspot,1,243.98,32.68
2019-05-04T14:00:00+00:00,DE,Elspot,1,243.98,32.68
2019-05-04T13:00:00+00:00,SYSTEM,Elspot,1,290.11,38.86
2019-05-04T13:00:00+00:00,SE4,Elspot,1,295.41,39.57
2019-05-04T13:00:00+00:00,SE3,Elspot,1,295.41,39.57
2019-05-04T13:00:00+00:00,NO2,Elspot,1,295.41,39.57
2019-05-04T13:00:00+00:00,DK2,Elspot,1,246.36,33
2019-05-04T13:00:00+00:00,DK1,Elspot,1,246.36,33
2019-05-04T13:00:00+00:00,DE,Elspot,1,246.36,33
2019-05-04T12:00:00+00:00,SYSTEM,Elspot,1,293.85,39.36
2019-05-04T12:00:00+00:00,SE4,Elspot,1,298.4,39.97
2019-05-04T12:00:00+00:00,SE3,Elspot,1,298.4,39.97
2019-05-04T12:00:00+00:00,NO2,Elspot,1,298.4,39.97
2019-05-04T12:00:00+00:00,DK2,Elspot,1,260.92,34.95
2019-05-04T12:00:00+00:00,DK1,Elspot,1,260.92,34.95
2019-05-04T12:00:00+00:00,DE,Elspot,1,260.92,34.95
2019-05-04T11:00:00+00:00,SYSTEM,Elspot,1,298.03,39.92
2019-05-04T11:00:00+00:00,SE4,Elspot,1,301.16,40.34
2019-05-04T11:00:00+00:00,SE3,Elspot,1,301.16,40.34
2019-05-04T11:00:00+00:00,NO2,Elspot,1,301.16,40.34
2019-05-04T11:00:00+00:00,DK2,Elspot,1,276.08,36.98
2019-05-04T11:00:00+00:00,DK1,Elspot,1,276.08,36.98
2019-05-04T11:00:00+00:00,DE,Elspot,1,276.08,36.98
2019-05-04T10:00:00+00:00,SYSTEM,Elspot,1,304.37,40.77
2019-05-04T10:00:00+00:00,SE4,Elspot,1,307.43,41.18
2019-05-04T10:00:00+00:00,SE3,Elspot,1,307.43,41.18
2019-05-04T10:00:00+00:00,NO2,Elspot,1,307.43,41.18
2019-05-04T10:00:00+00:00,DK2,Elspot,1,302.8,40.56
2019-05-04T10:00:00+00:00,DK1,Elspot,1,302.8,40.56
2019-05-04T10:00:00+00:00,DE,Elspot,1,302.8,40.56
2019-05-04T09:00:00+00:00,SYSTEM,Elspot,1,315.57,42.27
2019-05-04T09:00:00+00:00,SE4,Elspot,1,318.41,42.65
2019-05-04T09:00:00+00:00,SE3,Elspot,1,318.41,42.65
2019-05-04T09:00:00+00:00,NO2,Elspot,1,318.41,42.65
2019-05-04T09:00:00+00:00,DK2,Elspot,1,318.41,42.65
2019-05-04T09:00:00+00:00,DK1,Elspot,1,318.41,42.65
2019-05-04T09:00:00+00:00,DE,Elspot,1,318.41,42.65
2019-05-04T08:00:00+00:00,SYSTEM,Elspot,1,321.1,43.01
2019-05-04T08:00:00+00:00,SE4,Elspot,1,322.81,43.24
2019-05-04T08:00:00+00:00,SE3,Elspot,1,322.81,43.24
2019-05-04T08:00:00+00:00,NO2,Elspot,1,322.81,43.24
2019-05-04T08:00:00+00:00,DK2,Elspot,1,325.65,43.62
2019-05-04T08:00:00+00:00,DK1,Elspot,1,325.65,43.62
2019-05-04T08:00:00+00:00,DE,Elspot,1,325.65,43.62
2019-05-04T07:00:00+00:00,SYSTEM,Elspot,1,323.93,43.39
2019-05-04T07:00:00+00:00,SE4,Elspot,1,325.65,43.62
2019-05-04T07:00:00+00:00,SE3,Elspot,1,325.65,43.62
2019-05-04T07:00:00+00:00,NO2,Elspot,1,325.65,43.62
2019-05-04T07:00:00+00:00,DK2,Elspot,1,336.47,45.07
2019-05-04T07:00:00+00:00,DK1,Elspot,1,336.47,45.07
2019-05-04T07:00:00+00:00,DE,Elspot,1,336.47,45.07
2019-05-04T06:00:00+00:00,SYSTEM,Elspot,1,320.42,42.92
2019-05-04T06:00:00+00:00,SE4,Elspot,1,320.95,42.99
2019-05-04T06:00:00+00:00,SE3,Elspot,1,320.95,42.99
2019-05-04T06:00:00+00:00,NO2,Elspot,1,322.81,43.24
2019-05-04T06:00:00+00:00,DK2,Elspot,1,335.95,45
2019-05-04T06:00:00+00:00,DK1,Elspot,1,335.95,45
2019-05-04T06:00:00+00:00,DE,Elspot,1,335.95,45
2019-05-04T05:00:00+00:00,SYSTEM,Elspot,1,305.72,40.95
2019-05-04T05:00:00+00:00,SE4,Elspot,1,305.12,40.87
2019-05-04T05:00:00+00:00,SE3,Elspot,1,305.12,40.87
2019-05-04T05:00:00+00:00,NO2,Elspot,1,307.21,41.15
2019-05-04T05:00:00+00:00,DK2,Elspot,1,305.12,40.87
2019-05-04T05:00:00+00:00,DK1,Elspot,1,305.12,40.87
2019-05-04T05:00:00+00:00,DE,Elspot,1,305.12,40.87
2019-05-04T04:00:00+00:00,SYSTEM,Elspot,1,290.64,38.93
2019-05-04T04:00:00+00:00,SE4,Elspot,1,290.34,38.89
2019-05-04T04:00:00+00:00,SE3,Elspot,1,290.34,38.89
2019-05-04T04:00:00+00:00,NO2,Elspot,1,293.25,39.28
2019-05-04T04:00:00+00:00,DK2,Elspot,1,265.7,35.59
2019-05-04T04:00:00+00:00,DK1,Elspot,1,265.7,35.59
2019-05-04T04:00:00+00:00,DE,Elspot,1,265.7,35.59
2019-05-04T03:00:00+00:00,SYSTEM,Elspot,1,276.08,36.98
2019-05-04T03:00:00+00:00,SE4,Elspot,1,257.64,34.51
2019-05-04T03:00:00+00:00,SE3,Elspot,1,257.64,34.51
2019-05-04T03:00:00+00:00,NO2,Elspot,1,281.15,37.66
2019-05-04T03:00:00+00:00,DK2,Elspot,1,257.64,34.51
2019-05-04T03:00:00+00:00,DK1,Elspot,1,257.64,34.51
2019-05-04T03:00:00+00:00,DE,Elspot,1,257.64,34.51
2019-05-04T02:00:00+00:00,SYSTEM,Elspot,1,275.18,36.86
2019-05-04T02:00:00+00:00,SE4,Elspot,1,257.34,34.47
2019-05-04T02:00:00+00:00,SE3,Elspot,1,257.34,34.47
2019-05-04T02:00:00+00:00,NO2,Elspot,1,278.09,37.25
2019-05-04T02:00:00+00:00,DK2,Elspot,1,261.15,34.98
2019-05-04T02:00:00+00:00,DK1,Elspot,1,261.15,34.98
2019-05-04T02:00:00+00:00,DE,Elspot,1,261.15,34.98
2019-05-04T01:00:00+00:00,SYSTEM,Elspot,1,275.11,36.85
2019-05-04T01:00:00+00:00,SE4,Elspot,1,254.28,34.06
2019-05-04T01:00:00+00:00,SE3,Elspot,1,254.28,34.06
2019-05-04T01:00:00+00:00,NO2,Elspot,1,278.99,37.37
2019-05-04T01:00:00+00:00,DK2,Elspot,1,260.55,34.9
2019-05-04T01:00:00+00:00,DK1,Elspot,1,260.55,34.9
2019-05-04T01:00:00+00:00,DE,Elspot,1,260.55,34.9
2019-05-04T00:00:00+00:00,SYSTEM,Elspot,1,281.45,37.7
2019-05-04T00:00:00+00:00,SE4,Elspot,1,253.23,33.92
2019-05-04T00:00:00+00:00,SE3,Elspot,1,253.23,33.92
2019-05-04T00:00:00+00:00,NO2,Elspot,1,287.65,38.53
2019-05-04T00:00:00+00:00,DK2,Elspot,1,265.48,35.56
2019-05-04T00:00:00+00:00,DK1,Elspot,1,265.48,35.56
2019-05-04T00:00:00+00:00,DE,Elspot,1,265.48,35.56
2019-05-03T23:00:00+00:00,SYSTEM,Elspot,1,295.19,39.54
2019-05-03T23:00:00+00:00,SE4,Elspot,1,263.68,35.32
2019-05-03T23:00:00+00:00,SE3,Elspot,1,263.68,35.32
2019-05-03T23:00:00+00:00,NO2,Elspot,1,301.91,40.44
2019-05-03T23:00:00+00:00,DK2,Elspot,1,274.51,36.77
2019-05-03T23:00:00+00:00,DK1,Elspot,1,274.51,36.77
2019-05-03T23:00:00+00:00,DE,Elspot,1,274.51,36.77
2019-05-03T22:00:00+00:00,SYSTEM,Elspot,1,301.91,40.44
2019-05-03T22:00:00+00:00,SE4,Elspot,1,291.61,39.06
2019-05-03T22:00:00+00:00,SE3,Elspot,1,291.61,39.06
2019-05-03T22:00:00+00:00,NO2,Elspot,1,307.81,41.23
2019-05-03T22:00:00+00:00,DK2,Elspot,1,296.53,39.72
2019-05-03T22:00:00+00:00,DK1,Elspot,1,296.53,39.72
2019-05-03T22:00:00+00:00,DE,Elspot,1,296.53,39.72
2019-05-03T21:00:00+00:00,SYSTEM,Elspot,1,301.82,40.43
2019-05-03T21:00:00+00:00,SE4,Elspot,1,291.29,39.02
2019-05-03T21:00:00+00:00,SE3,Elspot,1,291.29,39.02
2019-05-03T21:00:00+00:00,NO2,Elspot,1,311.3,41.7
2019-05-03T21:00:00+00:00,DK2,Elspot,1,311.3,41.7
2019-05-03T21:00:00+00:00,DK1,Elspot,1,311.3,41.7
2019-05-03T21:00:00+00:00,DE,Elspot,1,313.61,42.01
2019-05-03T20:00:00+00:00,SYSTEM,Elspot,1,307.64,41.21
2019-05-03T20:00:00+00:00,SE4,Elspot,1,296.37,39.7
2019-05-03T20:00:00+00:00,SE3,Elspot,1,296.37,39.7
2019-05-03T20:00:00+00:00,NO2,Elspot,1,315.7,42.29
2019-05-03T20:00:00+00:00,DK2,Elspot,1,315.7,42.29
2019-05-03T20:00:00+00:00,DK1,Elspot,1,315.7,42.29
2019-05-03T20:00:00+00:00,DE,Elspot,1,338.7,45.37
2019-05-03T19:00:00+00:00,SYSTEM,Elspot,1,312.19,41.82
2019-05-03T19:00:00+00:00,SE4,Elspot,1,304.73,40.82
2019-05-03T19:00:00+00:00,SE3,Elspot,1,304.73,40.82
2019-05-03T19:00:00+00:00,NO2,Elspot,1,316.38,42.38
2019-05-03T19:00:00+00:00,DK2,Elspot,1,335.34,44.92
2019-05-03T19:00:00+00:00,DK1,Elspot,1,316.38,42.38
2019-05-03T19:00:00+00:00,DE,Elspot,1,335.34,44.92
2019-05-03T18:00:00+00:00,SYSTEM,Elspot,1,310.18,41.55
2019-05-03T18:00:00+00:00,SE4,Elspot,1,299.5,40.12
2019-05-03T18:00:00+00:00,SE3,Elspot,1,299.5,40.12
2019-05-03T18:00:00+00:00,NO2,Elspot,1,315.7,42.29
2019-05-03T18:00:00+00:00,DK2,Elspot,1,332.72,44.57
2019-05-03T18:00:00+00:00,DK1,Elspot,1,315.7,42.29
2019-05-03T18:00:00+00:00,DE,Elspot,1,332.72,44.57
2019-05-03T17:00:00+00:00,SYSTEM,Elspot,1,309.28,41.43
2019-05-03T17:00:00+00:00,SE4,Elspot,1,297.56,39.86
2019-05-03T17:00:00+00:00,SE3,Elspot,1,297.56,39.86
2019-05-03T17:00:00+00:00,NO2,Elspot,1,314.96,42.19
2019-05-03T17:00:00+00:00,DK2,Elspot,1,328.17,43.96
2019-05-03T17:00:00+00:00,DK1,Elspot,1,328.17,43.96
2019-05-03T17:00:00+00:00,DE,Elspot,1,328.17,43.96
2019-05-03T16:00:00+00:00,SYSTEM,Elspot,1,300.32,40.23
2019-05-03T16:00:00+00:00,SE4,Elspot,1,297.79,39.89
2019-05-03T16:00:00+00:00,SE3,Elspot,1,297.79,39.89
2019-05-03T16:00:00+00:00,NO2,Elspot,1,306.67,41.08
2019-05-03T16:00:00+00:00,DK2,Elspot,1,313.61,42.01
